,Dia,Suscetiveis,Infectados,Recuperados
0,0.0,2.460354382325183e+18,136.75083214945124,0.0
1,1.0024937655860349,2.4603543822601027e+18,138.72589724674881,65080058.45511161
2,2.0049875311720697,2.4603543821940833e+18,140.72771628046155,131099639.67677554
3,3.0074812967581046,2.4603543821271117e+18,142.7565980114061,198071484.7576829
4,4.0099750623441395,2.4603543820591744e+18,144.81285192338498,266008554.19897825
5,5.012468827930174,2.460354381990259e+18,146.89679290749126,334923820.0610777
6,6.014962593516209,2.460354381920353e+18,149.00873762317886,404830395.05774105
7,7.017456359102244,2.460354381849442e+18,151.14900405809084,475741550.07074106
8,8.019950124688279,2.4603543817775124e+18,153.31791152805928,547670714.1498631
9,9.022443890274314,2.4603543817045514e+18,155.5157806771055,620631474.5129057
10,10.024937655860349,2.4603543816305454e+18,157.74293347743978,694637576.54568
11,11.027431421446384,2.46035438155548e+18,159.99969322946166,769702923.8020105
12,12.029925187032418,2.4603543814793416e+18,162.28638456175963,845841578.0037339
13,13.032418952618453,2.460354381402115e+18,164.60333343111142,923067759.0407002
14,14.034912718204488,2.4603543813237873e+18,166.95086712248383,1001395844.9707725
15,15.037406483790523,2.460354381244343e+18,169.3293142490328,1080840372.0198262
16,16.039900249376558,2.460354381163767e+18,171.73900475210326,1161416034.5817504
17,17.042394014962593,2.4603543810820454e+18,174.1802699012294,1243137685.218446
18,18.044887780548628,2.460354380999163e+18,176.65344229413444,1326020334.6598277
19,19.047381546134662,2.460354380915104e+18,179.1588558567307,1410079151.8038225
20,20.049875311720697,2.4603543808298537e+18,181.6968458431197,1495329463.7163706
21,21.052369077306732,2.4603543807433964e+18,184.26774883559193,1581786755.6314251
22,22.054862842892767,2.4603543806557164e+18,186.87190274462714,1669466670.950952
23,23.057356608478802,2.460354380566798e+18,189.50964680889405,1758385011.2449303
24,24.059850374064837,2.4603543804766254e+18,192.1813215952506,1848557736.2513504
25,25.06234413965087,2.460354380385183e+18,194.88707130831838,1939999524.6147523
26,26.064837905236907,2.4603543802924605e+18,197.62668523521177,2032722625.9152918
27,27.06733167082294,2.460354380198439e+18,200.40057846772746,2126744011.52835
28,28.069825436408976,2.460354380103102e+18,203.20920430963884,2222081096.762657
29,29.07231920199501,2.460354380006432e+18,206.05300888538326,2318751410.310496
30,30.074812967581046,2.4603543799084104e+18,208.9324311400619,2416772594.2477016
31,31.07730673316708,2.4603543798090204e+18,211.84790283943988,2516162404.033664
32,32.079800498753116,2.460354379708244e+18,214.79984856994628,2616938708.5113244
33,33.082294264339154,2.4603543796060636e+18,217.78868573867402,2719119489.907177
34,34.084788029925186,2.46035437950246e+18,220.81482457337992,2822722843.831269
35,35.08728179551122,2.460354379397416e+18,223.87866812248484,2927766979.2772007
36,36.089775561097255,2.460354379290913e+18,226.98061225507337,3034270218.6221256
37,37.092269326683294,2.460354379182932e+18,230.12104566089423,3142250997.62675
38,38.094763092269325,2.460354379073455e+18,233.30034985035977,3251727865.4353323
39,39.097256857855356,2.460354378962463e+18,236.5188991545465,3362719484.5756836
40,40.099750623441395,2.4603543788499384e+18,239.77706072519476,3475244630.959171
41,41.10224438902743,2.4603543787358607e+18,243.07519453470877,3589322193.88071
42,42.104738154613464,2.4603543786202117e+18,246.41365337615665,3704971176.01877
43,43.107231920199496,2.4603543785029724e+18,249.79278286327047,3822210693.435378
44,44.109725685785534,2.460354378384123e+18,253.21292143044624,3941059975.576108
45,45.11221945137157,2.4603543782636447e+18,256.67440033274386,4061538365.2700896
46,46.114713216957604,2.4603543781415173e+18,260.17754364588706,4183665318.7300043
47,47.117206982543635,2.4603543780177224e+18,263.72266826626355,4307460405.552088
48,48.119700748129674,2.4603543778922394e+18,267.3100839109251,4432943308.716127
49,49.12219451371571,2.460354377765049e+18,270.940093117587,4560133824.5854645
50,50.12468827930174,2.460354377636131e+18,274.61299124462886,4689051862.906991
51,51.127182044887775,2.4603543775054653e+18,278.329066471094,4819717446.811155
52,52.12967581047381,2.460354377373032e+18,282.08859979668966,4952150712.811957
53,53.13216957605985,2.460354377238811e+18,285.891865041787,5086371910.806948
54,54.13466334164588,2.4603543771027814e+18,289.73912884742117,5222401404.07723
55,55.137157107231914,2.4603543769649234e+18,293.6306506752911,5360259669.287467
56,56.13965087281795,2.4603543768252155e+18,297.56668280775983,5499967296.485867
57,57.14214463840399,2.460354376683638e+18,301.547470347854,5641544989.104194
58,58.14463840399002,2.460354376540169e+18,305.5732512192645,5785013563.957762
59,59.147132169576054,2.460354376394789e+18,309.6442561663458,5930393951.245444
60,60.14962593516209,2.4603543762474757e+18,313.76070875411665,6077707194.549664
61,61.15211970074813,2.4603543760982083e+18,317.9228253682594,6226974450.836393
62,62.15461346633416,2.460354375946966e+18,322.1308152151205,6378216990.455162
63,63.15710723192019,2.4603543757937265e+18,326.3848803217101,6531456197.139051
64,64.15960099750623,2.460354375638469e+18,330.68521553570264,6686713568.004698
65,65.16209476309227,2.460354375481172e+18,335.032008525436,6844010713.552284
66,66.16458852867831,2.4603543753218135e+18,339.42543977991227,7003369357.665552
67,67.16708229426433,2.460354375160371e+18,343.86568260879744,7164811337.611792
68,68.16957605985037,2.460354374996824e+18,348.3529031424214,7328358604.041855
69,69.17206982543641,2.4603543748311496e+18,352.8872603317777,7494033220.990135
70,70.17456359102243,2.460354374663325e+18,357.46890594852414,7661857365.874582
71,71.17705735660847,2.4603543744933294e+18,362.09798458498244,7831853329.496708
72,72.17955112219451,2.460354374321139e+18,366.7746336541379,8004043516.041563
73,73.18204488778055,2.4603543741467325e+18,371.49898338964,8178450443.077763
74,74.18453865336659,2.460354373970086e+18,376.271156845802,8355096741.557463
75,75.18703241895261,2.4603543737911777e+18,381.0912698976011,8534005155.816381
76,76.18952618453865,2.460354373609984e+18,385.95943124067855,8715198543.573793
77,77.19201995012469,2.4603543734264827e+18,390.87574239133943,8898699875.932514
78,78.19451371571071,2.46035437324065e+18,395.84029768655245,9084532237.378918
79,79.19700748129675,2.460354373052464e+18,400.8531842839508,9272718825.782936
80,80.19950124688279,2.4603543728619e+18,405.9144821618311,9463282952.39805
81,81.20199501246883,2.4603543726689347e+18,411.024264119154,9656248041.861288
82,82.20448877805487,2.460354372473545e+18,416.1825957755442,9851637632.193237
83,83.20698254364089,2.4603543722757074e+18,421.3895355712901,10049475374.798038
84,84.20947630922693,2.4603543720753976e+18,426.64513476734425,10249785034.46338
85,85.21197007481297,2.4603543718725924e+18,431.949437445323,10452590489.360516
86,86.21446384039899,2.460354371667267e+18,437.3024805075064,10657915731.044228
87,87.21695760598503,2.4603543714593976e+18,442.70429367683886,10865784864.45288
88,88.21945137157107,2.4603543712489605e+18,448.15489949692835,11076222107.908375
89,89.2219451371571,2.4603543710359306e+18,453.65431333204697,11289251793.116163
90,90.22443890274315,2.4603543708202844e+18,459.2025433671304,11504898365.165257
91,91.22693266832917,2.4603543706019963e+18,464.7995905356103,11723186379.539663
92,92.22942643391521,2.4603543703811133e+18,470.4437095614083,11944069593.074575
93,93.23192019950125,2.460354370157671e+18,476.1332793349608,12167511732.05955
94,94.23441396508727,2.4603543699316337e+18,481.86839111087926,12393549090.872108
95,95.23690773067331,2.460354369702966e+18,487.6491045545001,12622217254.474138
96,96.23940149625935,2.460354369471632e+18,493.4754477418841,12853551098.411858
97,97.24189526184539,2.460354369237598e+18,499.3474171598168,13087584788.81584
98,98.24438902743142,2.460354369000831e+18,505.2649777058081,13324351782.401003
99,99.24688279301745,2.460354368761298e+18,511.22806268809273,13563884826.466608
100,100.24937655860349,2.460354368518967e+18,517.2365738256301,13806215958.89628
101,101.25187032418953,2.4603543682738063e+18,523.2903812481039,14051376508.15797
102,102.25436408977555,2.460354368025786e+18,529.3893234959227,14299397093.30399
103,103.25685785536159,2.460354367774875e+18,535.5332075202195,14550307623.971
104,104.25935162094763,2.4603543675210455e+18,541.7218086828523,14804137300.379997
105,105.26184538653366,2.4603543672642683e+18,547.9548707564032,15060914613.336338
106,106.2643391521197,2.4603543670045153e+18,554.2321059241791,15320667344.229715
107,107.26683291770573,2.46035436674176e+18,560.5531947802115,15583422565.034172
108,108.26932668329177,2.460354366475976e+18,566.9177863292567,15849206638.30811
109,109.2718204488778,2.4603543662071373e+18,573.3254979867953,16118045217.194263
110,110.27431421446383,2.4603543659352197e+18,579.7759155790327,16389963245.419716
111,111.27680798004987,2.460354365660198e+18,586.268593342899,16664984957.295914
112,112.2793017456359,2.460354365382049e+18,592.8030539260485,16943133877.718634
113,113.28179551122194,2.46035436510075e+18,599.3787883868606,17224432822.168003
114,114.28428927680798,2.460354364816279e+18,605.995256194439,17508903896.708504
115,115.286783042394,2.4603543645286144e+18,612.651885228612,17796568497.988953
116,116.28927680798004,2.4603543642377354e+18,619.3480717799328,18087447313.242527
117,117.29177057356608,2.460354363943622e+18,626.0831805496788,18381560320.28675
118,118.29426433915211,2.460354363646256e+18,632.8565446498524,18678926787.523476
119,119.29675810473815,2.4603543633456174e+18,639.6674656031803,18979565273.938934
120,120.29925187032418,2.460354363041689e+18,646.5152133431139,19283493629.103683
121,121.30174563591022,2.460354362734454e+18,653.3990262138294,19590728993.172623
122,122.30423940149626,2.460354362423895e+18,660.3181109702275,19901287796.885014
123,123.30673316708229,2.460354362109997e+18,667.271642777933,20215185761.564457
124,124.30922693266832,2.460354361792745e+18,674.2587652132962,20532437899.11891
125,125.31172069825436,2.460354361472124e+18,681.2785902633915,20853058512.040672
126,126.31421446384039,2.4603543611481216e+18,688.3301983260178,21177061193.40638
127,127.31670822942642,2.4603543608207237e+18,695.412638209699,21504458826.87703
128,128.31920199501246,2.460354360489919e+18,702.5249271336833,21835263586.697975
129,129.3216957605985,2.4603543601556956e+18,709.6660507279435,22169486937.698883
130,130.32418952618454,2.460354359818043e+18,716.8349630331774,22507139635.293808
131,131.32668329177056,2.460354359476951e+18,724.0305865008066,22848231725.481113
132,132.32917705735662,2.46035435913241e+18,731.2518119929784,23192772544.84355
133,133.33167082294264,2.4603543587844116e+18,738.4974987825638,23540770720.54818
134,134.33416458852867,2.460354358432948e+18,745.7664745531588,23892234170.346436
135,135.33665835411472,2.4603543580780124e+18,753.0575353990841,24247170102.57409
136,136.33915211970074,2.4603543577195976e+18,760.3694458253844,24605585016.151257
137,137.34164588528677,2.460354357357698e+18,767.7009387478299,24967484700.582397
138,138.34413965087282,2.460354356992308e+18,775.0507154929151,25332874235.956352
139,139.34663341645884,2.4603543566234245e+18,782.4174457978584,25701757992.94626
140,140.34912718204487,2.460354356251043e+18,789.7997678106038,26074139632.80963
141,141.35162094763092,2.4603543558751606e+18,797.1962880898195,26450022107.38834
142,142.35411471321694,2.4603543554957747e+18,804.6055816048981,26829407659.108566
143,143.356608478803,2.4603543551128847e+18,812.0261917359574,27212297820.98089
144,144.35910224438902,2.460354354726489e+18,819.4566302738388,27598693416.600174
145,145.36159600997505,2.460354354336588e+18,826.8953774201092,27988594560.145687
146,146.3640897755611,2.460354353943182e+18,834.3408817870602,28382000656.381035
147,147.36658354114712,2.4603543535462723e+18,841.7915603977071,28778910400.654137
148,148.36907730673317,2.4603543531458606e+18,849.2457986857908,29179321778.89729
149,149.3715710723192,2.4603543527419505e+18,856.7019504957758,29583232067.62712
150,150.37406483790522,2.4603543523345444e+18,864.1583380828522,29990637833.944614
151,151.37655860349128,2.4603543519236475e+18,871.6132521129344,30401534935.53513
152,152.3790523690773,2.460354351509264e+18,879.0649516626609,30815918520.668304
153,153.38154613466332,2.460354351091399e+18,886.5116642193951,31233783028.19818
154,154.38403990024938,2.46035435067006e+18,893.9515856812258,31655122187.56315
155,155.3865336658354,2.4603543502452536e+18,901.3828803569647,32079929018.785896
156,156.38902743142143,2.4603543498169866e+18,908.8036809661498,32508195832.47351
157,157.39152119700748,2.460354349385268e+18,916.2120886390431,32939914229.81741
158,158.3940149625935,2.460354348950107e+18,923.6061729166308,33375075102.59334
159,159.39650872817955,2.4603543485115136e+18,930.9839717506243,33813668633.161434
160,160.39900249376558,2.460354348069498e+18,938.3434915034587,34255684294.466114
161,161.4014962593516,2.4603543476240717e+18,945.6827069482949,34701110850.036224
162,162.40399002493766,2.460354347175246e+18,952.9995612690179,35149936353.98489
163,163.40648379052368,2.460354346723034e+18,960.2919660602371,35602148151.00962
164,164.40897755610973,2.4603543462674493e+18,967.5578013272868,36057732876.392265
165,165.41147132169576,2.460354345808506e+18,974.7949154862256,36516676455.99901
166,166.41396508728178,2.460354345346218e+18,982.0011253638366,36978964106.280396
167,167.41645885286783,2.460354344880602e+18,989.1742161976287,37444580334.271324
168,168.41895261845386,2.4603543444116736e+18,996.3119416358337,37913508937.591
169,169.42144638403988,2.4603543439394493e+18,1003.412023737409,38385733004.44305
170,170.42394014962593,2.4603543434639473e+18,1010.4721529720366,38861234913.615395
171,171.42643391521196,2.460354342985186e+18,1017.4899882201227,39339996334.48028
172,172.42892768079798,2.460354342503184e+18,1024.4631567727984,39821998226.99437
173,173.43142144638404,2.4603543420179615e+18,1031.3892543319198,40307220841.69862
174,174.43391521197006,2.4603543415295386e+18,1038.2658450100662,40795643719.71834
175,175.4364089775561,2.4603543410379366e+18,1045.0904613305433,41287245692.76323
176,176.43890274314214,2.460354340543177e+18,1051.8606042273802,41782004883.12727
177,177.44139650872816,2.4603543400452833e+18,1058.573743045331,42279898703.68885
178,178.4438902743142,2.4603543395442785e+18,1065.2273155398748,42780903857.910675
179,179.44638403990024,2.460354339040186e+18,1071.8187278772139,43284996339.83978
180,180.4488778054863,2.460354338533031e+18,1078.345354634277,43792151434.10761
181,181.45137157107231,2.4603543380228383e+18,1084.8045387987163,44302343715.92987
182,182.45386533665834,2.460354337509635e+18,1091.1935917689093,44815547051.10669
183,183.4563591022444,2.4603543369934474e+18,1097.5097933539573,45331734596.022514
184,184.45885286783042,2.4603543364743035e+18,1103.7503917736867,45850878797.646126
185,185.46134663341644,2.460354335952231e+18,1109.9126036586485,46372951393.53068
186,186.4638403990025,2.460354335427259e+18,1115.9936140501184,46897923411.813675
187,187.46633416458852,2.460354334899417e+18,1121.990576400096,47425765171.21692
188,188.46882793017454,2.4603543343687357e+18,1127.9006125713067,47956446281.0466
189,189.4713216957606,2.4603543338352466e+18,1133.7208128371997,48489935641.19328
190,190.47381546134662,2.460354333298981e+18,1139.4482358819487,49026201442.13181
191,191.47630922693267,2.460354332759971e+18,1145.0799088004526,49565211164.92143
192,192.4788029925187,2.460354332218251e+18,1150.612827098334,50106931581.205696
193,193.48129675810472,2.4603543316738534e+18,1156.0439546919417,50651328753.21255
194,194.48379052369077,2.460354331126814e+18,1161.3702239083475,51198368033.75425
195,195.4862842892768,2.460354330577168e+18,1166.5885354853483,51748014066.22741
196,196.48877805486285,2.4603543300249513e+18,1171.6957585714658,52300230784.61301
197,197.49127182044887,2.460354329470201e+18,1176.6888012788943,52854981510.720146
198,198.4937655860349,2.4603543289129544e+18,1181.569581003105,53412228093.63028
199,199.49625935162095,2.4603543283532754e+18,1186.3391075497577,53971907034.69701
200,200.49875311720697,2.4603543277912356e+18,1190.9957060782087,54533946743.88771
201,201.501246882793,2.4603543272269066e+18,1195.5377479229874,55098275838.174805
202,202.50374064837905,2.460354326660359e+18,1199.9636505937954,55664823141.53563
203,203.50623441396507,2.4603543260916644e+18,1204.2718777755065,56233517684.95241
204,204.5087281795511,2.4603543255208934e+18,1208.4609393281664,56804288706.41238
205,205.51122194513715,2.4603543249481165e+18,1212.529391286994,57377065650.9077
206,206.51371571072318,2.460354324373404e+18,1216.4758358623799,57951778170.43544
207,207.51620947630923,2.460354323796826e+18,1220.2989214398872,58528356123.997665
208,208.51870324189525,2.4603543232184525e+18,1223.997342580251,59106729577.601326
209,209.52119700748128,2.4603543226383534e+18,1227.569840019379,59686828804.258354
210,210.52369077306733,2.460354322056598e+18,1231.0152006683513,60268584283.98563
211,211.52618453865335,2.4603543214732554e+18,1234.33225761342,60851926703.80493
212,212.5286783042394,2.4603543208883953e+18,1237.5198901160102,61436786957.74304
213,213.53117206982543,2.460354320302086e+18,1240.5770236127182,62023096146.83162
214,214.53366583541145,2.4603543197143967e+18,1243.5026297153136,62610785579.10731
215,215.5361596009975,2.4603543191253955e+18,1246.2957262107377,63199786769.6117
216,216.53865336658353,2.4603543185351506e+18,1248.9553770611044,63790031440.3913
217,217.54114713216956,2.4603543179437307e+18,1251.4806924037,64381451520.49756
218,218.5436408977556,2.460354317351203e+18,1253.8708285509829,64973979145.98692
219,219.54613466334163,2.4603543167576356e+18,1256.1249879905836,65567546659.920685
220,220.54862842892766,2.4603543161630956e+18,1258.2424193853055,66162086612.365166
221,221.5511221945137,2.4603543155676503e+18,1260.2224175731242,66757531760.3916
222,222.55361596009973,2.460354314971367e+18,1262.0643235671869,67353815068.07614
223,223.5561097256858,2.4603543143743124e+18,1263.767524555814,67950869706.49993
224,224.5586034912718,2.460354313776553e+18,1265.3314539024973,68548629053.74899
225,225.56109725685783,2.4603543131781555e+18,1266.7555911459021,69147026694.91435
226,226.5635910224439,2.4603543125791857e+18,1268.0394619998651,69745996422.09196
227,227.5660847880299,2.46035431197971e+18,1269.1826383533955,70345472234.38269
228,228.56857855361596,2.460354311379794e+18,1270.1847382706749,70945388337.89236
229,229.571072319202,2.460354310779503e+18,1271.0454259910573,71545679145.73177
230,230.573566084788,2.460354310178903e+18,1271.7644119290687,72146279278.0166
231,231.57605985037407,2.460354309578059e+18,1272.341452674408,72747123561.86755
232,232.5785536159601,2.4603543089770353e+18,1272.7763509919455,73348147031.41017
233,233.5810473815461,2.460354308375897e+18,1273.0689558217248,73949284927.77502
234,234.58354114713217,2.460354307774709e+18,1273.2191622789612,74550472699.09763
235,235.5860349127182,2.4603543071735363e+18,1273.2269116540422,75151646000.51834
236,236.58852867830421,2.4603543065724416e+18,1273.0921914125283,75752740694.18256
237,237.59102244389027,2.4603543059714893e+18,1272.8150351951515,76353692849.24063
238,238.5935162094763,2.4603543053707433e+18,1272.3955228178168,76954438741.84776
239,239.59600997506234,2.460354304770267e+18,1271.8337802716012,77554914855.16418
240,240.59850374064837,2.4603543041701243e+18,1271.1299797227537,78155057879.355
241,241.6009975062344,2.460354303570377e+18,1270.284339512696,78754804711.5903
242,242.60349127182045,2.46035430297109e+18,1269.2971241580226,79354092456.04514
243,243.60598503740647,2.460354302372324e+18,1268.168644350499,79952858423.89944
244,244.60847880299252,2.460354301774142e+18,1266.8992569570642,80551040133.33817
245,245.61097256857855,2.4603543011766067e+18,1265.489365019829,81148575309.5511
246,246.61346633416457,2.46035430057978e+18,1263.9394177560764,81745401884.73306
247,247.61596009975062,2.460354299983724e+18,1262.2499105582622,82341457998.08383
248,248.61845386533665,2.4603542993885e+18,1260.4213849940143,82936681995.80801
249,249.62094763092267,2.46035429879417e+18,1258.4544288061322,83531012431.11528
250,250.62344139650872,2.460354298200794e+18,1256.349675912589,84124388064.22018
251,251.62593516209475,2.460354297608434e+18,1254.107806406529,84716747862.34221
252,252.62842892768077,2.460354297017151e+18,1251.7295465562695,85308030999.70583
253,253.63092269326683,2.4603542964270054e+18,1249.2156688052999,85898176857.54045
254,254.63341645885285,2.460354295838057e+18,1246.5669917722817,86487125024.08035
255,255.6359102244389,2.460354295250367e+18,1243.7843802510488,87074815294.56487
256,256.6384039900249,2.4603542946639944e+18,1240.868745210608,87661187671.23816
257,257.640897755611,2.460354294079e+18,1237.8210437951373,88246182363.34946
258,258.643391521197,2.4603542934954424e+18,1234.6422793239883,88829739787.15277
259,259.645885286783,2.4603542929133814e+18,1231.3335012916837,89411800565.90723
260,260.6483790523691,2.460354292332877e+18,1227.895805367919,89992305529.8768
261,261.6508728179551,2.4603542917539866e+18,1224.3303333975625,90571195716.33038
262,262.6533665835411,2.46035429117677e+18,1220.6382734006543,91148412369.54189
263,263.6558603491272,2.460354290601285e+18,1216.8208595724063,91723896940.79012
264,264.65835411471323,2.460354290027591e+18,1212.879372283204,92297591088.35883
265,265.66084788029923,2.4603542894557455e+18,1208.8151380786044,92869436677.53668
266,266.6633416458853,2.4603542888858066e+18,1204.6295296793364,93439375780.6174
267,267.66583541147133,2.4603542883178317e+18,1200.3239659813023,94007350676.89952
268,268.66832917705733,2.460354287751878e+18,1195.8999120555761,94573303852.68655
269,269.6708229426434,2.4603542871880044e+18,1191.358879148404,95137178001.28702
270,270.67331670822944,2.460354286626266e+18,1186.7024246812043,95698916023.01431
271,271.67581047381543,2.4603542860667213e+18,1181.9321522505688,96258461025.18674
272,272.6783042394015,2.460354285509426e+18,1177.04971162826,96815756322.12766
273,273.68079800498754,2.4603542849544366e+18,1172.0567987612137,97370745435.16531
274,274.68329177057353,2.46035428440181e+18,1166.9551557715386,97923372092.63284
275,275.6857855361596,2.460354283851602e+18,1161.7465709565136,98473580229.86841
276,276.68827930174564,2.4603542833038684e+18,1156.432878788592,99021313989.21506
277,277.69077306733163,2.4603542827586647e+18,1151.015959915399,99566517720.02078
278,278.6932668329177,2.460354282216046e+18,1145.4977411597308,100109135978.6386
279,279.69576059850374,2.460354281676069e+18,1139.8801955195574,100649113528.42636
280,280.69825436408973,2.460354281138787e+18,1134.1653421680212,101186395339.74686
281,281.7007481296758,2.460354280604258e+18,1128.355484709004,101720924935.51608
282,282.70324189526184,2.4603542800725765e+18,1122.4596462572376,102252606161.72156
283,283.7057356608479,2.4603542795437967e+18,1116.4832218274207,102781385685.57207
284,284.7082294264339,2.460354279017947e+18,1110.428434921805,103307235454.06165
285,285.71072319201994,2.4603542784950543e+18,1104.2974956912594,103830128072.06834
286,286.713216957606,2.460354277975146e+18,1098.0926009352709,104350036802.35411
287,287.715710723192,2.460354277458247e+18,1091.8159341019434,104866935565.56482
288,288.71820448877804,2.4603542769443835e+18,1085.4696652879977,105380798940.23036
289,289.7206982543641,2.4603542764335805e+18,1079.0559512387724,105891602162.76451
290,290.7231920199501,2.4603542759258614e+18,1072.576935348224,106399321127.46501
291,291.72568578553614,2.46035427542125e+18,1066.0347476589245,106903932386.5136
292,292.7281795511222,2.4603542749197696e+18,1059.4315048620654,107405413149.97589
293,293.7306733167082,2.4603542744214415e+18,1052.7693102974542,107903741285.80147
294,294.73316708229424,2.4603542739262874e+18,1046.050253953516,108398895319.82393
295,295.7356608478803,2.460354273434328e+18,1039.276412467293,108890854435.76073
296,296.73815461346635,2.460354272945584e+18,1032.4498491244453,109379598475.2133
297,297.74064837905235,2.4603542724600745e+18,1025.5726138592502,109865107937.66702
298,298.7431421446384,2.4603542719778186e+18,1018.6467432546015,110347363980.49129
299,299.74563591022445,2.4603542714988344e+18,1011.6742605420113,110826348418.93936
300,300.74812967581045,2.460354271023139e+18,1004.657175601609,111302043726.14842
301,301.7506234413965,2.4603542705507497e+18,997.5974849621402,111774433033.13974
302,302.75311720698255,2.4603542700816824e+18,990.497171800969,112243500128.81839
303,303.75561097256855,2.4603542696159534e+18,983.3582059440769,112709229459.97345
304,304.7581047381546,2.4603542691535764e+18,976.1825438660613,113171606131.278
305,305.76059850374065,2.460354268694567e+18,968.9721286901384,113630615905.28899
306,306.76309226932665,2.4603542682389376e+18,961.7288901881416,114086245202.4473
307,307.7655860349127,2.460354267786702e+18,954.4547447805203,114538481101.07788
308,308.76807980049875,2.4603542673378714e+18,947.1515955363426,114987311337.38954
309,309.77057356608475,2.4603542668924585e+18,939.8213321732937,115432724305.47499
310,310.7730673316708,2.4603542664504735e+18,932.4658310576755,115874709057.31104
311,311.77556109725685,2.4603542660119276e+18,925.0869552044076,116313255302.7583
312,312.77805486284285,2.4603542655768294e+18,917.6865542770273,116748353409.56137
313,313.7805486284289,2.4603542651451884e+18,910.2664645876882,117179994403.34889
314,314.78304239401496,2.460354264717013e+18,902.8285090971622,117608169967.63332
315,315.785536159601,2.4603542642923105e+18,895.3744974148383,118032872443.81114
316,316.788029925187,2.460354263871088e+18,887.906225798723,118454094831.16273
317,317.79052369077306,2.460354263453352e+18,880.4254771554389,118871830786.85251
318,318.7930174563591,2.460354263039108e+18,872.9340210402274,119286074625.92876
319,319.7955112219451,2.460354262628361e+18,865.4336136569472,119696821321.3237
320,320.79800498753116,2.4603542622211164e+18,857.9259978580727,120104066503.8536
321,321.8004987531172,2.4603542618173763e+18,850.4129031446973,120507806462.2186
322,322.8029925187032,2.460354261417145e+18,842.8960456665313,120908038143.00275
323,323.80548628428926,2.4603542610204237e+18,835.3771282219018,121304759150.67418
324,324.8079800498753,2.460354260627215e+18,827.8578402577535,121697967747.58484
325,325.8104738154613,2.46035426023752e+18,820.3398578696492,122087662853.97067
326,326.81296758104736,2.460354259851339e+18,812.8248438017674,122473844047.95161
327,327.8154613466334,2.4603542594686715e+18,805.3144474469052,122856511565.5315
328,328.81795511221947,2.4603542590895165e+18,797.8103048464766,123235666300.59808
329,329.82044887780546,2.460354258713873e+18,790.3140386905138,123611309804.92314
330,330.8229426433915,2.4603542583417385e+18,782.827258317664,123983444288.16238
331,331.82543640897757,2.4603542579731103e+18,775.3515597151943,124352072617.85544
332,332.82793017456356,2.4603542576079846e+18,767.8885255189882,124717198319.42586
333,333.8304239401496,2.4603542572463575e+18,760.4397250135453,125078825576.18121
334,334.83291770573567,2.460354256888224e+18,753.0067141319844,125436959229.31302
335,335.83541147132166,2.460354256533578e+18,745.5910354560408,125791604777.89662
336,336.8379052369077,2.4603542561824143e+18,738.1942182160667,126142768378.8915
337,337.84039900249377,2.460354255834726e+18,730.8177782910324,126490456847.14093
338,338.84289276807976,2.460354255490505e+18,723.4632182085254,126834677655.3722
339,339.8453865336658,2.460354255149744e+18,716.1320271447494,127175438934.19653
340,340.84788029925187,2.4603542548124334e+18,708.8256809245271,127512749472.10915
341,341.85037406483787,2.4603542544785644e+18,701.5456420212979,127846618715.4891
342,342.8528678304239,2.460354254148126e+18,694.2933595571176,128177056768.59953
343,343.85536159600997,2.4603542538211087e+18,687.0702693026604,128504074393.58743
344,344.85785536159597,2.4603542534975e+18,679.877793677218,128827683010.48378
345,345.860349127182,2.460354253177288e+18,672.7173417486981,129147894697.20349
346,346.8628428927681,2.4603542528604605e+18,665.590309233627,129464722189.54543
347,347.8653366583541,2.460354252547004e+18,658.4980784971478,129778178881.19243
348,348.8678304239401,2.460354252236904e+18,651.4420185530214,130088278823.71123
349,349.8703241895262,2.4603542519301463e+18,644.4234850636246,130395036726.55257
350,350.8728179551122,2.460354251626715e+18,637.4438203399534,130698467957.05112
351,351.8753117206982,2.4603542513265946e+18,630.5043533416203,130998588540.42543
352,352.8778054862843,2.4603542510297677e+18,623.6063996768543,131295415159.77814
353,353.8802992518703,2.460354250736218e+18,616.751261602503,131588965156.09572
354,354.8827930174563,2.4603542504459264e+18,609.9402280240312,131879256528.24861
355,355.8852867830424,2.460354250158875e+18,603.1745744955197,132166307932.99124
356,356.8877805486284,2.4603542498750444e+18,596.4555632196681,132450138684.96198
357,357.8902743142144,2.460354249594414e+18,589.7844430477932,132730768756.68307
358,358.8927680798005,2.4603542493169644e+18,583.162449479828,133008218778.56084
359,359.8952618453865,2.460354249042673e+18,576.5908046643235,133282510038.88544
360,360.8977556109726,2.4603542487715185e+18,570.0707173984484,133553664483.83102
361,361.9002493765586,2.4603542485034783e+18,563.6033831279888,133821704717.45569
362,362.90274314214463,2.460354248238529e+18,557.1899839473466,134086654001.7015
363,363.9052369077307,2.4603542479766467e+18,550.8316885995428,134348536256.39444
364,364.9077306733167,2.460354247717807e+18,544.5296524762152,134607376059.24443
365,365.91022443890273,2.460354247461982e+18,538.2844652017081,134863200894.33897
366,366.9127182044888,2.460354247209111e+18,532.0880749376403,135116072042.51485
367,367.9152119700748,2.4603542469591583e+18,525.9377293037345,135366025023.49753
368,368.91770573566083,2.460354246712101e+18,519.8337333967108,135613082315.7963
369,369.9201995012469,2.460354246467917e+18,513.7763763395409,135857266425.5082
370,370.9226932668329,2.460354246226583e+18,507.7659312814466,136098599886.31804
371,371.92518703241893,2.460354245988078e+18,501.8026553978998,136337105259.49844
372,372.927680798005,2.460354245752378e+18,495.8867898906236,136572805133.90976
373,373.930174563591,2.460354245519461e+18,490.01855998759197,136805722126.00015
374,374.93266832917703,2.4603542452893046e+18,484.1981749430283,137035878879.80557
375,375.9351620947631,2.460354245061885e+18,478.42582803740765,137263298066.94969
376,376.9376558603491,2.460354244837181e+18,472.7016965774557,137488002386.644
377,377.94014962593513,2.4603542446151685e+18,467.0259418961477,137710014565.68777
378,378.9426433915212,2.4603542443958257e+18,461.3987093527104,137929357358.46805
379,379.94513715710724,2.46035424417913e+18,455.8201283326209,138146053546.9596
380,380.94763092269324,2.4603542439650575e+18,450.2903122476072,138360125940.72504
381,381.9501246882793,2.4603542437535857e+18,444.80935853564694,138571597376.91476
382,382.95261845386534,2.4603542435446927e+18,439.37734866096923,138780490720.26688
383,383.95511221945134,2.460354243338354e+18,433.9943481140539,138986828863.10727
384,384.9576059850374,2.4603542431345485e+18,428.6604064116303,139190634725.34973
385,385.96009975062344,2.460354242933252e+18,423.37555709667936,139391931254.49564
386,386.96259351620944,2.460354242734442e+18,418.13981773843267,139590741425.6343
387,387.9650872817955,2.460354242538095e+18,412.95318993237134,139787088241.44272
388,388.96758104738154,2.4603542423441884e+18,407.81565930022816,139980994732.1857
389,389.97007481296754,2.4603542421526994e+18,402.7271954899864,140172483955.71582
390,390.9725685785536,2.4603542419636045e+18,397.687752175879,140361578997.47345
391,391.97506234413964,2.46035424177688e+18,392.6972670583904,140548302970.48672
392,392.9775561097257,2.4603542415925043e+18,387.7556618642555,140732679015.37152
393,393.9800498753117,2.460354241410453e+18,382.86284234645984,140914730300.33154
394,394.98254364089775,2.460354241230703e+18,378.0186982842388,141094480021.15826
395,395.9850374064838,2.460354241053232e+18,373.2231034830793,141271951401.2309
396,396.9875311720698,2.4603542408780155e+18,368.47591577471854,141447167691.51648
397,397.99002493765585,2.460354240705031e+18,363.77697701714385,141620152170.5698
398,398.9925187032419,2.460354240534255e+18,359.12611309459373,141790928144.53345
399,399.9950124688279,2.460354240365664e+18,354.5231339175574,141959518947.13773
400,400.99750623441395,2.4603542401992356e+18,349.9678334227739,142125947939.70078
401,402.0,2.460354240034945e+18,345.45998957323343,142290238511.1285
